{
  "baseline": {
    "Random": [
      {
        "mean_reward": 138.076,
        "std_reward": 47.34212835660572,
        "median_reward": 142.45999999999998,
        "min_reward": 39.89999999999998,
        "max_reward": 239.33999999999992,
        "success_rate": 1.0,
        "mean_violations": 28.333333333333332,
        "mean_safety_score": 0.6666666666666666,
        "mean_episode_length": 125.86666666666666,
        "convergence_stability": 29.98584906251612,
        "fuel_emergency_rate": 1.7447033898305084,
        "raw_rewards": [
          39.89999999999998,
          120.57000000000001,
          130.7,
          159.89,
          142.45999999999998,
          239.33999999999992,
          73.41000000000005,
          163.77000000000007,
          154.45999999999998,
          192.82000000000002,
          88.52000000000008,
          104.78000000000003,
          138.59999999999997,
          152.27,
          169.65000000000003
        ],
        "training_time": 4.76837158203125e-07,
        "seed": 0
      },
      {
        "mean_reward": 159.74066666666667,
        "std_reward": 66.32286166591092,
        "median_reward": 173.95000000000002,
        "min_reward": 8.64999999999992,
        "max_reward": 239.60000000000008,
        "success_rate": 1.0,
        "mean_violations": 22.133333333333333,
        "mean_safety_score": 12.333333333333334,
        "mean_episode_length": 113.0,
        "convergence_stability": 44.548217652337115,
        "fuel_emergency_rate": 1.600589970501475,
        "raw_rewards": [
          8.64999999999992,
          152.85000000000002,
          239.60000000000008,
          175.59000000000006,
          208.01999999999992,
          189.88,
          153.96999999999997,
          200.95999999999995,
          34.25,
          108.00000000000004,
          173.95000000000002,
          234.06999999999996,
          236.31,
          121.14999999999999,
          158.85999999999996
        ],
        "training_time": 2.384185791015625e-07,
        "seed": 1
      },
      {
        "mean_reward": 169.39133333333334,
        "std_reward": 55.03875227106407,
        "median_reward": 156.37999999999997,
        "min_reward": 58.68999999999998,
        "max_reward": 289.9300000000003,
        "success_rate": 1.0,
        "mean_violations": 22.266666666666666,
        "mean_safety_score": 14.666666666666666,
        "mean_episode_length": 109.66666666666667,
        "convergence_stability": 76.35029131575082,
        "fuel_emergency_rate": 1.2565349544072948,
        "raw_rewards": [
          236.41999999999996,
          203.17,
          149.68,
          162.52,
          152.0,
          228.31999999999994,
          156.37999999999997,
          110.9,
          179.82999999999998,
          116.97999999999998,
          203.51000000000005,
          154.33999999999997,
          58.68999999999998,
          289.9300000000003,
          138.19999999999996
        ],
        "training_time": 7.152557373046875e-07,
        "seed": 2
      }
    ],
    "DQN": [
      {
        "mean_reward": 247.81066666666675,
        "std_reward": 28.72667946158925,
        "median_reward": 248.42000000000024,
        "min_reward": 180.91000000000003,
        "max_reward": 299.68000000000035,
        "success_rate": 1.0,
        "mean_violations": 5.133333333333334,
        "mean_safety_score": 50.0,
        "mean_episode_length": 119.6,
        "convergence_stability": 25.164244951915446,
        "fuel_emergency_rate": 1.6371237458193981,
        "raw_rewards": [
          232.47999999999996,
          247.23000000000008,
          279.79000000000036,
          252.4000000000001,
          247.34000000000003,
          223.03999999999996,
          253.86000000000013,
          286.0000000000001,
          270.6100000000001,
          299.68000000000035,
          180.91000000000003,
          250.34000000000003,
          219.41000000000005,
          225.65000000000003,
          248.42000000000024
        ],
        "training_time": 0,
        "seed": 0
      },
      {
        "mean_reward": 244.1773333333334,
        "std_reward": 24.576661684524193,
        "median_reward": 248.55000000000007,
        "min_reward": 192.3,
        "max_reward": 279.5100000000003,
        "success_rate": 1.0,
        "mean_violations": 5.6,
        "mean_safety_score": 46.666666666666664,
        "mean_episode_length": 121.2,
        "convergence_stability": 26.52570180032949,
        "fuel_emergency_rate": 1.7964796479647964,
        "raw_rewards": [
          231.1199999999999,
          207.69999999999987,
          248.55000000000007,
          267.4000000000002,
          279.5100000000003,
          277.68,
          232.15999999999997,
          219.98999999999995,
          255.93,
          228.87999999999997,
          253.2800000000001,
          244.27000000000004,
          254.11000000000018,
          269.7800000000002,
          192.3
        ],
        "training_time": 0,
        "seed": 1
      },
      {
        "mean_reward": 256.67266666666677,
        "std_reward": 15.133102553306477,
        "median_reward": 259.2000000000001,
        "min_reward": 227.79999999999995,
        "max_reward": 276.65000000000015,
        "success_rate": 1.0,
        "mean_violations": 3.6,
        "mean_safety_score": 64.0,
        "mean_episode_length": 107.8,
        "convergence_stability": 14.543042872796692,
        "fuel_emergency_rate": 1.3623995052566482,
        "raw_rewards": [
          264.52000000000004,
          276.65000000000015,
          268.2100000000002,
          259.2000000000001,
          248.32000000000016,
          262.87000000000006,
          257.9300000000001,
          227.79999999999995,
          275.07000000000005,
          268.4300000000003,
          253.83000000000004,
          272.8800000000002,
          229.55999999999995,
          241.36,
          243.45999999999998
        ],
        "training_time": 0,
        "seed": 2
      }
    ],
    "PPO": [
      {
        "mean_reward": 211.8553333333334,
        "std_reward": 41.23096617295745,
        "median_reward": 225.8300000000002,
        "min_reward": 127.81999999999996,
        "max_reward": 269.79000000000013,
        "success_rate": 1.0,
        "mean_violations": 5.533333333333333,
        "mean_safety_score": 71.33333333333333,
        "mean_episode_length": 162.86666666666667,
        "convergence_stability": 46.63873857642384,
        "fuel_emergency_rate": 2.673761768317642,
        "raw_rewards": [
          141.0799999999999,
          167.87,
          252.05000000000018,
          239.91999999999996,
          243.44000000000023,
          247.19000000000017,
          194.8,
          193.01999999999992,
          254.82000000000005,
          225.8300000000002,
          228.68000000000004,
          196.07999999999993,
          127.81999999999996,
          195.4399999999999,
          269.79000000000013
        ],
        "training_time": 0,
        "seed": 0
      },
      {
        "mean_reward": 231.6773333333334,
        "std_reward": 13.757690439249677,
        "median_reward": 231.57999999999998,
        "min_reward": 210.4300000000001,
        "max_reward": 252.04000000000008,
        "success_rate": 1.0,
        "mean_violations": 0.0,
        "mean_safety_score": 100.0,
        "mean_episode_length": 169.06666666666666,
        "convergence_stability": 14.520783174470992,
        "fuel_emergency_rate": 2.6612776025236595,
        "raw_rewards": [
          233.82,
          220.61999999999998,
          218.70000000000013,
          218.49000000000012,
          243.03000000000026,
          248.87000000000018,
          220.27000000000015,
          242.82999999999984,
          242.63999999999993,
          251.67000000000007,
          215.83000000000007,
          210.4300000000001,
          252.04000000000008,
          224.34000000000003,
          231.57999999999998
        ],