{
  "baseline": {
    "Random": [
      {
        "mean_reward": 144.758,
        "std_reward": 59.81560857613448,
        "median_reward": 156.42000000000002,
        "min_reward": 7.0799999999999415,
        "max_reward": 226.16000000000005,
        "success_rate": 1.0,
        "mean_violations": 26.8,
        "mean_safety_score": 5.333333333333333,
        "mean_episode_length": 114.06666666666666,
        "convergence_stability": 43.72137481827394,
        "fuel_emergency_rate": 1.5563997662185856,
        "raw_rewards": [
          7.0799999999999415,
          197.91999999999996,
          226.16000000000005,
          163.59000000000003,
          131.26999999999998,
          124.26999999999998,
          156.42000000000002,
          167.19000000000003,
          53.030000000000044,
          94.60000000000011,
          195.12,
          189.73999999999998,
          223.2899999999999,
          141.63999999999996,
          100.05
        ],
        "training_time": 7.152557373046875e-07,
        "seed": 0
      },
      {
        "mean_reward": 126.55666666666671,
        "std_reward": 51.637442057311695,
        "median_reward": 118.59000000000005,
        "min_reward": 16.20000000000003,
        "max_reward": 227.26000000000016,
        "success_rate": 1.0,
        "mean_violations": 28.333333333333332,
        "mean_safety_score": 7.0,
        "mean_episode_length": 121.26666666666667,
        "convergence_stability": 67.52916626169767,
        "fuel_emergency_rate": 2.14238592633315,
        "raw_rewards": [
          110.06000000000004,
          95.25000000000009,
          96.62999999999997,
          143.31999999999996,
          96.93999999999998,
          177.76999999999998,
          123.41000000000001,
          94.04000000000012,
          214.30000000000007,
          169.83999999999997,
          227.26000000000016,
          16.20000000000003,
          119.7900000000001,
          94.95000000000002,
          118.59000000000005
        ],
        "training_time": 4.76837158203125e-07,
        "seed": 1
      },
      {
        "mean_reward": 172.80466666666663,
        "std_reward": 57.83864692592854,
        "median_reward": 193.82,
        "min_reward": 53.11999999999997,
        "max_reward": 243.91000000000003,
        "success_rate": 1.0,
        "mean_violations": 20.733333333333334,
        "mean_safety_score": 13.333333333333334,
        "mean_episode_length": 111.26666666666667,
        "convergence_stability": 47.321898947527444,
        "fuel_emergency_rate": 1.433193529059317,
        "raw_rewards": [
          224.74999999999997,
          193.82,
          209.08000000000007,
          168.55000000000004,
          100.09000000000003,
          203.81,
          243.91000000000003,
          231.34000000000006,
          214.7600000000001,
          219.40999999999997,
          185.49999999999997,
          74.65000000000005,
          132.48999999999998,
          53.11999999999997,
          136.79
        ],
        "training_time": 2.384185791015625e-07,
        "seed": 2
      }
    ],
    "DQN": [
      {
        "mean_reward": 247.81066666666675,
        "std_reward": 28.72667946158925,
        "median_reward": 248.42000000000024,
        "min_reward": 180.91000000000003,
        "max_reward": 299.68000000000035,
        "success_rate": 1.0,
        "mean_violations": 5.133333333333334,
        "mean_safety_score": 50.0,
        "mean_episode_length": 119.6,
        "convergence_stability": 25.164244951915446,
        "fuel_emergency_rate": 1.6371237458193981,
        "raw_rewards": [
          232.47999999999996,
          247.23000000000008,
          279.79000000000036,
          252.4000000000001,
          247.34000000000003,
          223.03999999999996,
          253.86000000000013,
          286.0000000000001,
          270.6100000000001,
          299.68000000000035,
          180.91000000000003,
          250.34000000000003,
          219.41000000000005,
          225.65000000000003,
          248.42000000000024
        ],
        "training_time": 0,
        "seed": 0
      },
      {
        "mean_reward": 244.1773333333334,
        "std_reward": 24.576661684524193,
        "median_reward": 248.55000000000007,
        "min_reward": 192.3,
        "max_reward": 279.5100000000003,
        "success_rate": 1.0,
        "mean_violations": 5.6,
        "mean_safety_score": 46.666666666666664,
        "mean_episode_length": 121.2,
        "convergence_stability": 26.52570180032949,
        "fuel_emergency_rate": 1.7964796479647964,
        "raw_rewards": [
          231.1199999999999,
          207.69999999999987,
          248.55000000000007,
          267.4000000000002,
          279.5100000000003,
          277.68,
          232.15999999999997,
          219.98999999999995,
          255.93,
          228.87999999999997,
          253.2800000000001,
          244.27000000000004,
          254.11000000000018,
          269.7800000000002,
          192.3
        ],
        "training_time": 0,
        "seed": 1
      },
      {
        "mean_reward": 256.67266666666677,
        "std_reward": 15.133102553306477,
        "median_reward": 259.2000000000001,
        "min_reward": 227.79999999999995,
        "max_reward": 276.65000000000015,
        "success_rate": 1.0,
        "mean_violations": 3.6,
        "mean_safety_score": 64.0,
        "mean_episode_length": 107.8,
        "convergence_stability": 14.543042872796692,
        "fuel_emergency_rate": 1.3623995052566482,
        "raw_rewards": [
          264.52000000000004,
          276.65000000000015,
          268.2100000000002,
          259.2000000000001,
          248.32000000000016,
          262.87000000000006,
          257.9300000000001,
          227.79999999999995,
          275.07000000000005,
          268.4300000000003,
          253.83000000000004,
          272.8800000000002,
          229.55999999999995,
          241.36,
          243.45999999999998
        ],
        "training_time": 0,
        "seed": 2
      }
    ],
    "PPO": [
      {
        "mean_reward": 211.8553333333334,
        "std_reward": 41.23096617295745,
        "median_reward": 225.8300000000002,
        "min_reward": 127.81999999999996,
        "max_reward": 269.79000000000013,
        "success_rate": 1.0,
        "mean_violations": 5.533333333333333,
        "mean_safety_score": 71.33333333333333,
        "mean_episode_length": 162.86666666666667,
        "convergence_stability": 46.63873857642384,
        "fuel_emergency_rate": 2.673761768317642,
        "raw_rewards": [
          141.0799999999999,
          167.87,
          252.05000000000018,
          239.91999999999996,
          243.44000000000023,
          247.19000000000017,
          194.8,
          193.01999999999992,
          254.82000000000005,
          225.8300000000002,
          228.68000000000004,
          196.07999999999993,
          127.81999999999996,
          195.4399999999999,
          269.79000000000013
        ],
        "training_time": 0,
        "seed": 0
      },
      {
        "mean_reward": 231.6773333333334,
        "std_reward": 13.757690439249677,
        "median_reward": 231.57999999999998,
        "min_reward": 210.4300000000001,
        "max_reward": 252.04000000000008,
        "success_rate": 1.0,
        "mean_violations": 0.0,
        "mean_safety_score": 100.0,
        "mean_episode_length": 169.06666666666666,
        "convergence_stability": 14.520783174470992,
        "fuel_emergency_rate": 2.6612776025236595,