{
  "experiment_name": "high_gamma_seed1",
  "config": {
    "name": "high_gamma",
    "learning_rate": 0.001,
    "gamma": 0.995,
    "batch_size": 64,
    "buffer_size": 50000,
    "target_update_freq": 1000,
    "epsilon_decay": 0.995
  },
  "seed": 1,
  "training_time_seconds": 244.216234,
  "total_timesteps": 300000,
  "evaluation": {
    "mean_reward": 167.88000000000017,
    "std_reward": 2.4404098016522044,
    "min_reward": 163.90000000000006,
    "max_reward": 172.7000000000003
  },
  "timestamp": "2026-01-07T19:10:03.643932"
}