{
  "experiment_name": "high_lr_seed2",
  "config": {
    "name": "high_lr",
    "learning_rate": 0.005,
    "gamma": 0.99,
    "batch_size": 64,
    "buffer_size": 50000,
    "target_update_freq": 1000,
    "epsilon_decay": 0.995
  },
  "seed": 2,
  "training_time_seconds": 247.515782,
  "total_timesteps": 300000,
  "evaluation": {
    "mean_reward": 169.02000000000015,
    "std_reward": 3.1031596800680705,
    "min_reward": 164.90000000000015,
    "max_reward": 177.9000000000003
  },
  "timestamp": "2026-01-07T18:49:35.915003"
}