{
  "experiment_name": "high_lr_seed0",
  "config": {
    "name": "high_lr",
    "learning_rate": 0.005,
    "gamma": 0.99,
    "batch_size": 64,
    "buffer_size": 50000,
    "target_update_freq": 1000,
    "epsilon_decay": 0.995
  },
  "seed": 0,
  "training_time_seconds": 249.15879,
  "total_timesteps": 300000,
  "evaluation": {
    "mean_reward": 162.7000000000003,
    "std_reward": 2.8301943396170697,
    "min_reward": 158.00000000000014,
    "max_reward": 169.00000000000045
  },
  "timestamp": "2026-01-07T18:41:18.341986"
}