{
  "experiment_name": "large_batch_seed2",
  "config": {
    "name": "large_batch",
    "learning_rate": 0.001,
    "gamma": 0.99,
    "batch_size": 128,
    "buffer_size": 50000,
    "target_update_freq": 1000,
    "epsilon_decay": 0.995
  },
  "seed": 2,
  "training_time_seconds": 267.701823,
  "total_timesteps": 300000,
  "evaluation": {
    "mean_reward": 168.18000000000018,
    "std_reward": 2.14653208687878,
    "min_reward": 164.80000000000013,
    "max_reward": 171.80000000000032
  },
  "timestamp": "2026-01-07T19:40:09.448305"
}