{
  "experiment_name": "large_batch_seed1",
  "config": {
    "name": "large_batch",
    "learning_rate": 0.001,
    "gamma": 0.99,
    "batch_size": 128,
    "buffer_size": 50000,
    "target_update_freq": 1000,
    "epsilon_decay": 0.995
  },
  "seed": 1,
  "training_time_seconds": 268.438763,
  "total_timesteps": 300000,
  "evaluation": {
    "mean_reward": 168.90000000000015,
    "std_reward": 2.543226297441945,
    "min_reward": 164.9000000000001,
    "max_reward": 173.5000000000002
  },
  "timestamp": "2026-01-07T19:35:41.582959"
}