{
  "experiment_name": "low_gamma_seed0",
  "config": {
    "name": "low_gamma",
    "learning_rate": 0.001,
    "gamma": 0.95,
    "batch_size": 64,
    "buffer_size": 50000,
    "target_update_freq": 1000,
    "epsilon_decay": 0.995
  },
  "seed": 0,
  "training_time_seconds": 247.610252,
  "total_timesteps": 300000,
  "evaluation": {
    "mean_reward": 168.64000000000019,
    "std_reward": 2.459349507491802,
    "min_reward": 164.9000000000001,
    "max_reward": 173.9000000000003
  },
  "timestamp": "2026-01-07T19:18:20.823349"
}