{
  "experiment_name": "low_gamma_seed1",
  "config": {
    "name": "low_gamma",
    "learning_rate": 0.001,
    "gamma": 0.95,
    "batch_size": 64,
    "buffer_size": 50000,
    "target_update_freq": 1000,
    "epsilon_decay": 0.995
  },
  "seed": 1,
  "training_time_seconds": 248.692629,
  "total_timesteps": 300000,
  "evaluation": {
    "mean_reward": 152.54500000000053,
    "std_reward": 36.99815502156749,
    "min_reward": 62.0000000000024,
    "max_reward": 172.7000000000003
  },
  "timestamp": "2026-01-07T19:22:29.777509"
}