{
  "experiment_name": "slow_epsilon_decay_seed0",
  "config": {
    "name": "slow_epsilon_decay",
    "learning_rate": 0.001,
    "gamma": 0.99,
    "batch_size": 64,
    "buffer_size": 50000,
    "target_update_freq": 1000,
    "epsilon_decay": 0.998
  },
  "seed": 0,
  "training_time_seconds": 251.30508,
  "total_timesteps": 300000,
  "evaluation": {
    "mean_reward": 168.96000000000018,
    "std_reward": 2.8692159207700283,
    "min_reward": 163.90000000000006,
    "max_reward": 176.50000000000026
  },
  "timestamp": "2026-01-07T20:08:38.570011"
}