{
  "experiment_name": "small_batch_seed2",
  "config": {
    "name": "small_batch",
    "learning_rate": 0.001,
    "gamma": 0.99,
    "batch_size": 32,
    "buffer_size": 50000,
    "target_update_freq": 1000,
    "epsilon_decay": 0.995
  },
  "seed": 2,
  "training_time_seconds": 237.360865,
  "total_timesteps": 300000,
  "evaluation": {
    "mean_reward": 168.95000000000013,
    "std_reward": 2.3003260638440035,
    "min_reward": 165.90000000000012,
    "max_reward": 174.7000000000002
  },
  "timestamp": "2026-01-07T19:52:00.715279"
}