{
  "experiment_name": "freq_target_update_seed0",
  "config": {
    "name": "freq_target_update",
    "learning_rate": 0.001,
    "gamma": 0.99,
    "batch_size": 64,
    "buffer_size": 50000,
    "target_update_freq": 500,
    "epsilon_decay": 0.995
  },
  "seed": 0,
  "training_time_seconds": 249.67668,
  "total_timesteps": 300000,
  "evaluation": {
    "mean_reward": 168.59000000000017,
    "std_reward": 2.599596122477537,
    "min_reward": 163.90000000000006,
    "max_reward": 175.7000000000003
  },
  "timestamp": "2026-01-07T19:56:10.559716"
}