{
  "experiment_name": "high_gamma_seed2",
  "config": {
    "name": "high_gamma",
    "learning_rate": 0.001,
    "gamma": 0.995,
    "batch_size": 64,
    "buffer_size": 50000,
    "target_update_freq": 1000,
    "epsilon_decay": 0.995
  },
  "seed": 2,
  "training_time_seconds": 249.236374,
  "total_timesteps": 300000,
  "evaluation": {
    "mean_reward": 168.61000000000018,
    "std_reward": 2.788530078733284,
    "min_reward": 163.8000000000001,
    "max_reward": 173.60000000000028
  },
  "timestamp": "2026-01-07T19:14:13.048020"
}