{
  "experiment_name": "large_batch_seed0",
  "config": {
    "name": "large_batch",
    "learning_rate": 0.001,
    "gamma": 0.99,
    "batch_size": 128,
    "buffer_size": 50000,
    "target_update_freq": 1000,
    "epsilon_decay": 0.995
  },
  "seed": 0,
  "training_time_seconds": 273.936496,
  "total_timesteps": 300000,
  "evaluation": {
    "mean_reward": 166.30000000000013,
    "std_reward": 1.8973665961010695,
    "min_reward": 163.90000000000006,
    "max_reward": 169.70000000000027
  },
  "timestamp": "2026-01-07T19:31:12.981550"
}