{
  "experiment_name": "low_lr_seed0",
  "config": {
    "name": "low_lr",
    "learning_rate": 0.0001,
    "gamma": 0.99,
    "batch_size": 64,
    "buffer_size": 50000,
    "target_update_freq": 1000,
    "epsilon_decay": 0.995
  },
  "seed": 0,
  "training_time_seconds": 247.372873,
  "total_timesteps": 300000,
  "evaluation": {
    "mean_reward": 168.78000000000014,
    "std_reward": 3.836873727398435,
    "min_reward": 164.8000000000001,
    "max_reward": 181.20000000000033
  },
  "timestamp": "2026-01-07T18:53:43.454450"
}