{
  "experiment_name": "slow_epsilon_decay_seed1",
  "config": {
    "name": "slow_epsilon_decay",
    "learning_rate": 0.001,
    "gamma": 0.99,
    "batch_size": 64,
    "buffer_size": 50000,
    "target_update_freq": 1000,
    "epsilon_decay": 0.998
  },
  "seed": 1,
  "training_time_seconds": 251.259735,
  "total_timesteps": 300000,
  "evaluation": {
    "mean_reward": 168.7750000000002,
    "std_reward": 2.8630185119905107,
    "min_reward": 163.70000000000007,
    "max_reward": 175.60000000000034
  },
  "timestamp": "2026-01-07T20:12:50.003702"
}