{
  "experiment_name": "small_batch_seed1",
  "config": {
    "name": "small_batch",
    "learning_rate": 0.001,
    "gamma": 0.99,
    "batch_size": 32,
    "buffer_size": 50000,
    "target_update_freq": 1000,
    "epsilon_decay": 0.995
  },
  "seed": 1,
  "training_time_seconds": 236.382111,
  "total_timesteps": 300000,
  "evaluation": {
    "mean_reward": 156.42500000000018,
    "std_reward": 34.53476328281418,
    "min_reward": 5.999999999999547,
    "max_reward": 166.90000000000038
  },
  "timestamp": "2026-01-07T19:48:03.171996"
}