{
  "experiment_name": "small_batch_seed0",
  "config": {
    "name": "small_batch",
    "learning_rate": 0.001,
    "gamma": 0.99,
    "batch_size": 32,
    "buffer_size": 50000,
    "target_update_freq": 1000,
    "epsilon_decay": 0.995
  },
  "seed": 0,
  "training_time_seconds": 236.961412,
  "total_timesteps": 300000,
  "evaluation": {
    "mean_reward": 168.86000000000018,
    "std_reward": 2.187784267243956,
    "min_reward": 165.90000000000012,
    "max_reward": 175.7000000000003
  },
  "timestamp": "2026-01-07T19:44:06.582844"
}